<?xml version="1.0"?>

  <configuration>
                              <property>
                                  <name>yarn.resourcemanager.resource-tracker.address</name>
                                  <value>fe1:8025</value>
                       </property>
                       <property>
                                  <name>yarn.resourcemanager.scheduler.address</name>
                                  <value>fe1:8030</value>
                       </property>
                       <property>
                                  <name>yarn.resourcemanager.address</name>
                                  <value>fe1:8050</value>
                             </property>
 <property>         <name>yarn.nodemanager.aux-services</name>        <value>mapreduce_shuffle</value>    </property>
                       </configuration>